{
  "32τNM42": {
      "east": 4345114.3011037605,
      "south": 4087278.2163019506,
      "west": 4365467.649644341,
      "north": 4107889.6537617915,
      "crs": "EPSG:3035"
  },
  "33σWR11": {
      "east": 4700417.6651835665,
      "south": 2982370.047365073,
      "west": 4719011.426179361,
      "north": 3003925.514762655,
      "crs": "EPSG:3035"
  },
  "34σEH13": {
      "east": 5303337.332294158,
      "south": 1783917.3622328495,
      "west": 5320629.436503329,
      "north": 1806712.4261813092,
      "crs": "EPSG:3035"
  }
}